pitches,player_id,player_name,total_pitches,pitch_percent,ba,iso,babip,slg,woba,xwoba,xba,hits,abs,launch_speed,launch_angle,spin_rate,velocity,effective_speed,whiffs,swings,takes,eff_min_vel,release_extension,pos3_int_start_distance,pos4_int_start_distance,pos5_int_start_distance,pos6_int_start_distance,pos7_int_start_distance,pos8_int_start_distance,pos9_int_start_distance
203,450203,"Morton, Charlie",1271,16,0.224,0.194,0.328,0.418,0.27,0.235,0.216,22,98,85.2,8.3,3042,81.1,80.59,81,203,0,-0.5,6.16,110,151,124,147,301,331,303
196,448179,"Hill, Rich",976,20.1,0.265,0.176,0.276,0.441,0.302,0.309,0.277,27,102,86.5,10.3,2638,71.6,70.54,32,196,0,-1.1,6.05,106,153,119,148,288,325,291
191,657140,"Wright, Kyle",1282,14.9,0.25,0.06,0.357,0.31,0.241,0.247,0.249,25,100,88,2.6,2719,84.5,84.36,65,191,0,-0.1,6.46,112,152,122,149,305,332,299
188,664285,"Valdez, Framber",1325,14.2,0.172,0.065,0.278,0.237,0.177,0.232,0.223,16,93,87.5,2.9,2837,79.3,78.37,67,188,0,-0.9,6.02,110,154,118,148,295,322,288
184,605400,"Nola, Aaron",1341,13.7,0.194,0.204,0.269,0.398,0.251,0.247,0.207,18,93,88.3,5.4,2554,78.5,78.88,74,184,0,0.4,6.85,109,151,128,142,296,323,293
183,628711,"Urías, Julio",1022,17.9,0.225,0.213,0.231,0.438,0.279,0.271,0.217,20,89,83.8,21.7,2920,80.9,79.86,48,183,0,-1,5.67,109,153,120,148,298,315,289
182,425794,"Wainwright, Adam",1351,13.5,0.264,0.099,0.311,0.363,0.269,0.26,0.262,24,91,84.7,10.3,2766,73.2,72.57,40,182,0,-0.6,6.32,118,157,120,149,297,324,300
172,607200,"Fedde, Erick",1266,13.6,0.329,0.127,0.387,0.456,0.336,0.301,0.279,26,79,85.4,21.2,2389,78.4,78.55,42,172,0,0.1,6.54,113,155,125,144,299,322,295
167,592767,"Smyly, Drew",716,23.3,0.205,0.145,0.255,0.349,0.238,0.264,0.231,17,83,80.6,8.1,1990,77.7,76.68,55,167,0,-1,5.59,107,152,116,148,305,321,292
158,621244,"Berríos, José",1153,13.7,0.185,0.222,0.2,0.407,0.251,0.312,0.237,15,81,90.4,17.9,2275,82.7,82.53,52,158,0,-0.2,6.36,109,163,126,149,293,319,297
155,446372,"Kluber, Corey",1027,15.1,0.256,0.159,0.322,0.415,0.287,0.297,0.254,21,82,86.4,19.1,2459,80.7,80.39,38,155,0,-0.3,6.32,110,156,117,149,304,326,296
151,500779,"Quintana, José",1190,12.7,0.247,0.137,0.315,0.384,0.271,0.323,0.276,18,73,86.3,15.7,2247,78.5,78.65,49,151,0,0.2,6.39,106,153,117,149,308,322,295
127,669203,"Burnes, Corbin",1399,9.1,0.121,0.121,0.194,0.241,0.153,0.14,0.129,7,58,83.6,14.5,2757,82.2,82.33,56,127,0,0.1,6.35,114,154,124,147,297,318,296
123,519043,"Moore, Matt",552,22.3,0.219,0.016,0.304,0.234,0.2,0.22,0.212,14,64,86.8,-3.5,2504,83.3,83.01,36,123,0,-0.3,6.2,110,153,121,148,298,321,294
121,663556,"McClanahan, Shane",1249,9.7,0.16,0.08,0.227,0.24,0.173,0.221,0.187,12,75,85,1.7,2657,81.9,82.55,41,121,0,0.6,6.8,104,151,115,147,307,327,295
121,669456,"Bieber, Shane",1177,10.3,0.206,0.111,0.324,0.317,0.223,0.22,0.192,13,63,91.3,10.5,2156,81.9,82.37,47,121,0,0.5,6.62,112,158,124,151,292,319,298
120,601713,"Pivetta, Nick",1282,9.4,0.286,0.143,0.346,0.429,0.309,0.339,0.304,20,70,88.4,6.8,2728,77.2,76.89,30,120,0,-0.3,6.62,112,156,119,151,294,328,299
118,680686,"Gray, Josiah",1194,9.9,0.197,0.066,0.324,0.262,0.198,0.243,0.222,12,61,87,16.3,2492,82.5,80.12,44,118,0,-2.4,5.46,118,156,129,145,298,322,300
114,608566,"Márquez, Germán",1162,9.8,0.188,0.125,0.313,0.313,0.215,0.203,0.176,12,64,87.1,6.9,2613,86.6,85.79,43,114,0,-0.8,5.5,113,151,124,147,307,332,305
112,607536,"Freeland, Kyle",1247,9,0.228,0.193,0.286,0.421,0.277,0.336,0.269,13,57,93.4,8.3,2437,80.6,81.23,30,112,0,0.6,6.55,111,152,126,146,304,331,300
112,668678,"Gallen, Zac",1189,9.4,0.158,0.14,0.206,0.298,0.195,0.188,0.168,9,57,87.1,2.3,2468,81.2,81.41,37,112,0,0.2,6.68,111,152,126,149,302,322,296
109,608331,"Fried, Max",1325,8.2,0.234,0.085,0.355,0.319,0.234,0.261,0.255,11,47,84.8,16.8,2757,75,74.31,43,109,0,-0.7,6.09,107,152,121,150,305,329,293
104,605397,"Musgrove, Joe",1254,8.3,0.157,0.118,0.219,0.275,0.184,0.207,0.189,8,51,90,-9.7,2770,81.7,80.83,35,104,0,-0.9,5.93,118,170,125,151,290,319,300
103,672851,"Adon, Joan",1108,9.3,0.339,0.107,0.4,0.446,0.336,0.282,0.265,19,56,82.3,-1.1,2267,79.8,78.7,18,103,0,-1.1,6.16,114,152,124,144,298,319,292
101,666120,"Anderson, Ian",1202,8.4,0.25,0.273,0.25,0.523,0.327,0.217,0.197,11,44,85.8,9.6,1771,81.5,80.76,38,101,0,-0.7,6.81,108,151,118,146,306,332,298
101,663474,"McKenzie, Triston",1115,9.1,0.104,0.083,0.16,0.188,0.125,0.205,0.172,5,48,89.2,22.1,2175,79.6,80.15,44,101,0,0.5,6.61,113,154,121,150,293,318,292
99,656756,"Montgomery, Jordan",1119,8.8,0.098,0.115,0.125,0.213,0.132,0.2,0.186,6,61,85.5,9,2237,79.7,80.14,45,99,0,0.4,6.6,112,155,122,150,300,327,285
98,425844,"Greinke, Zack",882,11.1,0.254,0.119,0.233,0.373,0.258,0.342,0.302,15,59,84.8,16.6,2402,71.3,70.45,7,98,0,-0.9,5.82,107,153,117,146,302,325,303
97,621107,"Eflin, Zach",1011,9.6,0.152,0.087,0.292,0.239,0.168,0.171,0.172,7,46,85.3,9.8,2363,78.1,78.44,44,97,0,0.3,6.54,110,151,131,142,295,328,294
97,621112,"Blackburn, Paul",1158,8.4,0.113,0.075,0.182,0.189,0.129,0.19,0.187,6,53,86.1,8.4,2613,79,78.44,30,97,0,-0.6,6.25,117,152,125,149,293,316,294
94,571945,"Mikolas, Miles",1381,6.8,0.279,0.14,0.289,0.419,0.301,0.243,0.24,12,43,86.6,6.6,2564,75.6,75.37,20,94,0,-0.2,6.44,118,159,116,150,296,324,300
93,434378,"Verlander, Justin",1211,7.7,0.2,0.2,0.217,0.4,0.256,0.211,0.189,7,35,85.4,3.9,2596,78.7,78.34,29,93,0,-0.4,6.11,115,156,117,150,290,325,294
91,543135,"Eovaldi, Nathan",1063,8.6,0.205,0.227,0.25,0.432,0.27,0.199,0.168,9,44,88.5,15.7,2087,79.4,79.68,31,91,0,0.3,6.58,114,158,120,152,294,328,295
87,608648,"Duffey, Tyler",447,19.5,0.292,0.271,0.324,0.563,0.364,0.377,0.319,14,48,88.9,5.9,2474,82.2,82.08,22,87,0,-0.1,6.34,110,158,121,149,300,332,293
86,621111,"Buehler, Walker",1046,8.2,0.179,0.103,0.2,0.282,0.199,0.266,0.233,7,39,86.4,2.2,2676,79.4,79.32,26,86,0,-0.1,6.48,113,156,125,151,290,314,299
85,518516,"Bumgarner, Madison",1280,6.6,0.15,0.15,0.129,0.3,0.192,0.224,0.183,6,40,86.3,19,2266,78.5,78.36,17,85,0,-0.1,6.38,109,152,122,146,302,321,296
84,656638,"Lange, Alex",431,19.5,0.14,0.093,0.217,0.233,0.156,0.199,0.182,6,43,83.6,1.8,2185,85.2,85.37,49,84,0,0.2,6.48,107,152,118,147,307,328,292
83,666200,"Luzardo, Jesús",518,16,0.154,0.154,0.238,0.308,0.196,0.223,0.19,6,39,89.8,17.9,2302,84.4,83.74,33,83,0,-0.7,5.74,102,153,121,150,303,319,294
82,605130,"Barlow, Scott",509,16.1,0.154,0.154,0.208,0.308,0.195,0.221,0.176,6,39,83.1,11.7,2406,77.8,78.46,34,82,0,0.7,6.89,108,155,121,146,301,322,304
80,608344,"Irvin, Cole",965,8.3,0.282,0.282,0.296,0.564,0.36,0.466,0.359,11,39,91.2,22.1,2074,78.2,78.1,24,80,0,-0.1,6.24,112,152,123,147,296,320,292
78,665621,"García, Rony",653,11.9,0.167,0.194,0.25,0.361,0.224,0.275,0.208,6,36,92.3,20.6,2347,80.2,79.92,30,78,0,-0.3,6.17,113,158,124,150,303,328,291
77,641778,"Lauer, Eric",1206,6.4,0.318,0.318,0.286,0.636,0.398,0.463,0.365,14,44,88,15.5,2450,78.6,78.25,13,77,0,-0.4,6,106,152,119,145,299,319,293
76,664208,"Maton, Phil",490,15.5,0.182,0.242,0.174,0.424,0.256,0.29,0.266,6,33,78.6,8,2972,74.5,74.79,21,76,0,0.3,7.1,113,151,122,149,293,324,293
75,650644,"Civale, Aaron",659,11.4,0.114,0.143,0.15,0.257,0.152,0.221,0.211,4,35,82.9,-2.6,2933,75.7,74.52,31,75,0,-1.2,5.85,115,155,123,149,286,315,292
73,624522,"Thompson, Keegan",943,7.7,0.261,0.348,0.25,0.609,0.366,0.314,0.254,12,46,87.1,6,2520,81.5,81.08,20,73,0,-0.4,6.11,107,151,118,154,299,319,293
72,528748,"Castellanos, Humberto",748,9.6,0.344,0.313,0.346,0.656,0.426,0.398,0.331,11,32,87.8,17.8,2408,76.6,75.81,20,72,0,-0.8,6.04,108,148,122,145,305,325,300
71,622251,"Staumont, Josh",488,14.5,0.222,0.056,0.308,0.278,0.212,0.253,0.24,8,36,88.5,20.7,2740,82.7,82.78,29,71,0,0.1,6.5,106,153,123,146,303,324,303
71,672578,"Hernández, Carlos",545,13,0.234,0.085,0.275,0.319,0.234,0.257,0.253,11,47,86,15,2249,81.4,81.96,14,71,0,0.6,6.55,106,155,117,146,301,321,302
71,656302,"Cease, Dylan",1338,5.3,0.364,0.273,0.5,0.636,0.427,0.295,0.264,12,33,92,-5.6,2709,80.6,79.77,24,71,0,-0.8,6.06,110,149,110,147,296,322,300
70,669022,"Gore, MacKenzie",925,7.6,0.321,0.179,0.421,0.5,0.354,0.36,0.31,9,28,87.7,7.3,2308,81.4,82.2,21,70,0,0.8,6.78,107,155,120,148,298,319,292
69,661383,"Ortega, Oliver",419,16.5,0.318,0.273,0.5,0.591,0.389,0.3,0.244,7,22,86.7,10.9,2277,82,81.09,32,69,0,-0.9,5.84,110,151,117,152,297,322,293
69,656970,"Smeltzer, Devin",678,10.2,0.222,0.111,0.231,0.333,0.229,0.275,0.252,6,27,83.8,17.3,2533,75.9,75.08,14,69,0,-0.8,5.82,107,151,112,146,297,331,294
68,608717,"Stratton, Chris",502,13.5,0.216,0.054,0.276,0.27,0.206,0.279,0.243,8,37,90.2,16.5,3156,80.6,80.89,18,68,0,0.3,6.61,106,147,118,147,306,321,299
68,598264,"Barnes, Matt",308,22.1,0.244,0.073,0.313,0.317,0.244,0.253,0.237,10,41,91.7,13.4,1981,83.5,84.02,19,68,0,0.5,6.67,115,154,121,148,291,328,297
68,672282,"Detmers, Reid",967,7,0.176,0.265,0.182,0.441,0.258,0.279,0.234,6,34,86.5,16.1,2494,72.9,71.18,18,68,0,-1.7,5.41,116,150,117,153,294,324,295
67,518876,"Kelly, Merrill",1247,5.4,0.265,0.088,0.346,0.353,0.268,0.303,0.293,9,34,89.6,6.5,2583,82.7,82.2,16,67,0,-0.5,6.14,109,151,124,148,305,322,298
67,571927,"Matz, Steven",677,9.9,0.267,0.233,0.286,0.5,0.328,0.352,0.276,8,30,85,9.7,2364,77.8,75.18,17,67,0,-2.6,6.3,112,156,117,148,294,319,298
66,502179,"Espino, Paolo",536,12.3,0.135,0.027,0.2,0.162,0.13,0.193,0.194,5,37,86,12.7,3028,71.4,70.84,19,66,0,-0.6,6.51,117,158,131,148,300,323,300
65,607625,"Lugo, Seth",457,14.2,0.207,0.103,0.273,0.31,0.222,0.251,0.247,6,29,84.4,1.4,3257,79.4,77.8,17,65,0,-1.6,5.59,111,155,118,149,300,328,307
65,641501,"Danish, Tyler",401,16.2,0.167,0.111,0.185,0.278,0.191,0.249,0.229,6,36,84.8,12.9,2409,81.9,80.29,17,65,0,-1.6,5.2,110,157,122,150,289,325,297
64,518886,"Kimbrel, Craig",417,15.3,0.179,0.051,0.269,0.231,0.174,0.191,0.204,7,39,86.6,-6.7,2541,85.9,86.4,29,64,0,0.5,6.62,111,153,121,148,296,319,297
64,598287,"Ramirez, Noé",474,13.5,0.297,0.27,0.281,0.568,0.368,0.25,0.234,11,37,82.5,5.6,2507,78.2,77.58,13,64,0,-0.6,6.06,111,152,122,147,305,324,297
64,623474,"Herget, Jimmy",557,11.5,0.1,0.167,0.133,0.267,0.153,0.147,0.112,3,30,82.5,23.4,2750,74.6,72.86,21,64,0,-1.7,5.18,117,152,119,156,295,321,294
63,573009,"Mantiply, Joe",369,17.1,0.194,0,0.333,0.194,0.172,0.191,0.199,6,31,88.3,20.4,2310,81,81.16,29,63,0,0.2,6.39,111,151,118,148,296,316,296
62,543243,"Gray, Sonny",664,9.3,0.185,0.037,0.238,0.222,0.178,0.255,0.239,5,27,85.9,7.8,2823,78.9,78.49,17,62,0,-0.4,6.36,110,158,117,151,291,328,288
62,456713,"Bush, Matt",404,15.3,0.219,0.188,0.227,0.406,0.268,0.212,0.208,7,32,86,21.2,2483,81.3,80.96,21,62,0,-0.3,6.16,116,155,125,149,297,322,296
62,642232,"Yarbrough, Ryan",495,12.5,0.321,0.214,0.32,0.536,0.367,0.266,0.212,9,28,83.2,32.5,2166,72,71.87,13,62,0,-0.1,6.28,110,160,153,144,309,323,292
62,641771,"Kuhl, Chad",1153,5.4,0.206,0.265,0.231,0.471,0.281,0.264,0.243,7,34,91.1,13.1,2891,79.6,79.69,13,62,0,0.1,6.4,115,151,122,146,300,326,301
62,664141,"Brubaker, JT",1170,5.3,0.308,0.154,0.333,0.462,0.333,0.334,0.273,8,26,86.6,18.4,2794,80.3,79.33,20,62,0,-1,5.55,109,151,114,149,302,325,306
61,592791,"Taillon, Jameson",1194,5.1,0.176,0.029,0.261,0.206,0.158,0.205,0.207,6,34,86.4,14.2,2713,81.3,78.62,16,61,0,-2.7,6.49,110,156,121,150,295,325,287
61,667297,"Nance, Tommy",321,19,0.194,0.065,0.353,0.258,0.196,0.183,0.182,6,31,83.9,10.5,2789,85.2,84.53,30,61,0,-0.7,6.11,106,149,121,148,291,316,296
60,660761,"Suarez, José",504,11.9,0.261,0.043,0.316,0.304,0.248,0.257,0.224,6,23,84.4,11.6,2716,78.2,77.91,13,60,0,-0.3,6.12,110,151,115,148,295,321,294
60,669145,"Zimmermann, Bruce",1027,5.8,0.167,0.133,0.182,0.3,0.2,0.305,0.259,5,30,89.2,4.2,2444,81.3,80.97,14,60,0,-0.3,6.09,103,153,115,146,310,321,291
59,607259,"Martinez, Nick",1080,5.5,0.233,0.1,0.273,0.333,0.246,0.266,0.25,7,30,87.8,-6.5,2565,81.7,80.67,15,59,0,-1,5.9,112,161,124,151,292,321,303
59,571948,"Milner, Hoby",484,12.2,0.179,0.036,0.263,0.214,0.172,0.196,0.208,5,28,79.3,7.9,1872,79.1,79.11,23,59,0,0,6.54,110,149,122,143,297,314,293
58,502085,"Robertson, David",430,13.5,0.065,0.097,0.077,0.161,0.095,0.149,0.13,2,31,87.1,-7.6,2626,84.9,85.31,29,58,0,0.4,6.6,108,150,119,157,296,322,297
58,656685,"Martin, Brett",302,19.2,0.276,0.103,0.421,0.379,0.283,0.328,0.305,8,29,89.6,9.9,2254,82.5,82.64,25,58,0,0.1,6.46,110,155,119,149,296,321,294
56,669330,"Wells, Tyler",1023,5.5,0.241,0.069,0.28,0.31,0.24,0.146,0.15,7,29,82.6,18.2,2584,78,77.96,12,56,0,0,6.26,106,153,117,148,306,322,295
56,661395,"Duran, Jhoan",455,12.3,0.083,0.083,0.154,0.167,0.105,0.2,0.174,2,24,78.6,2.5,2644,87.6,87.54,21,56,0,-0.1,6.12,111,154,116,149,298,331,293
55,554430,"Wheeler, Zack",1158,4.7,0.429,0.286,0.563,0.714,0.484,0.334,0.321,9,21,89.1,3.7,2648,81,81.91,13,55,0,0.9,6.96,107,149,118,143,290,323,294
55,669302,"Gilbert, Logan",1353,4.1,0.192,0,0.217,0.192,0.17,0.345,0.307,5,26,92.4,22,2132,80.6,82.02,14,55,0,1.4,7.19,109,155,118,148,290,323,297
54,596295,"Gomber, Austin",1081,5,0.258,0.226,0.273,0.484,0.317,0.309,0.26,8,31,83.7,0.3,2536,75.3,75.54,14,54,0,0.2,6.59,111,153,127,146,303,327,296
53,605135,"Bassitt, Chris",1377,3.8,0.2,0.08,0.333,0.28,0.207,0.23,0.235,5,25,85.7,20.9,2330,72,71.25,18,53,0,-0.8,6.19,114,155,120,148,296,327,305
52,614179,"Ruiz, José",533,9.8,0.208,0.167,0.211,0.375,0.25,0.272,0.249,5,24,78.8,6.2,2290,85.9,85.3,13,52,0,-0.6,5.83,104,146,110,140,299,325,295
51,594835,"Gonzales, Marco",1212,4.2,0.28,0.2,0.273,0.48,0.326,0.412,0.38,7,25,91.9,4.2,2101,76.2,75.96,9,51,0,-0.2,6.31,107,151,121,145,297,322,282
51,468504,"Chacín, Jhoulys",512,10,0.227,0.227,0.385,0.455,0.273,0.162,0.146,5,22,89.3,13.9,2544,80.1,79.81,18,51,0,-0.3,5.91,113,153,126,147,301,329,302
51,669467,"Pallante, Andre",694,7.3,0.318,0.182,0.5,0.5,0.353,0.251,0.226,7,22,92.3,3,2848,76.1,75.8,19,51,0,-0.3,6.56,110,154,116,150,294,324,299
50,453343,"Melancon, Mark",364,13.7,0.536,0.179,0.609,0.714,0.544,0.409,0.386,15,28,95.4,-0.5,2589,81.6,81.06,11,50,0,-0.5,6.2,106,144,119,143,302,322,296
50,608723,"Voth, Austin",499,10,0.409,0.182,0.5,0.591,0.433,0.358,0.357,9,22,83.7,15.2,3024,77.9,77.02,11,50,0,-0.9,6.04,110,154,121,145,297,317,296
50,656629,"Kopech, Michael",949,5.3,0.091,0.045,0.118,0.136,0.098,0.283,0.234,2,22,89.1,20.9,2414,78.6,76.81,14,50,0,-1.8,6.37,113,151,111,149,297,326,299
50,605507,"Thompson, Zach",941,5.3,0.179,0.143,0.235,0.321,0.214,0.201,0.17,5,28,86.3,13.6,2276,77.8,77.5,18,50,0,-0.3,6.04,106,150,120,149,306,325,302
50,650893,"Cabrera, Génesis",491,10.2,0.074,0.074,0.1,0.148,0.094,0.193,0.197,2,27,86.4,3.7,2390,79.3,78.84,15,50,0,-0.5,6.08,113,154,118,148,295,322,296
49,669169,"Heasley, Jonathan",715,6.9,0.192,0.038,0.263,0.231,0.178,0.283,0.273,5,26,92.1,6.6,2647,79.4,78.76,15,49,0,-0.6,6,106,160,120,149,301,324,305
49,573204,"Thielbar, Caleb",460,10.7,0.25,0.036,0.35,0.286,0.235,0.251,0.226,7,28,79.4,2.8,2429,73,72.58,13,49,0,-0.4,6.3,105,150,117,145,298,328,289
48,592717,"Sanchez, Aaron",532,9,0.357,0.321,0.333,0.679,0.441,0.439,0.368,10,28,92.3,20.4,2583,78.7,79.2,13,48,0,0.5,6.77,115,157,124,143,304,319,295
48,664353,"Urquidy, José",1113,4.3,0.379,0.241,0.455,0.621,0.429,0.291,0.254,11,29,89.8,6.8,2611,77.8,76.74,11,48,0,-1.1,5.85,116,157,121,150,292,322,292
47,669373,"Skubal, Tarik",1265,3.7,0.348,0.261,0.467,0.609,0.407,0.313,0.28,8,23,88.7,15.1,2216,76.8,76.54,16,47,0,-0.3,6.19,110,153,116,147,305,327,291
46,656605,"Keller, Mitch",1049,4.4,0.208,0.083,0.278,0.292,0.216,0.305,0.263,5,24,90.9,5.8,2558,79.9,79.49,10,46,0,-0.4,6.32,111,155,123,151,307,327,309
46,605288,"Houser, Adrian",1209,3.8,0.318,0.091,0.333,0.409,0.302,0.433,0.408,7,22,96.2,9.2,1990,81.2,81.15,5,46,0,0,6.47,113,152,122,148,295,319,297
46,543475,"Lyles, Jordan",1321,3.5,0.174,0,0.222,0.174,0.142,0.225,0.201,4,23,93.9,6.6,2281,79.6,79.7,8,46,0,0.1,6.63,108,154,115,149,298,320,293
45,543037,"Cole, Gerrit",1302,3.5,0.412,0.118,0.467,0.529,0.409,0.401,0.359,7,17,93.6,0.9,2816,82.8,82.35,14,45,0,-0.4,6.24,111,157,125,153,294,326,289
45,608349,"Knebel, Corey",507,8.9,0.261,0.13,0.353,0.391,0.28,0.22,0.221,6,23,83.1,2.8,2706,78.5,78.2,15,45,0,-0.3,6.51,113,150,119,142,295,324,295
45,475479,"Phelps, David",484,9.3,0.318,0.091,0.368,0.409,0.316,0.418,0.401,7,22,94.2,0.7,2559,81.1,79.39,8,45,0,-1.7,5.17,105,156,123,147,297,317,297
44,670280,"Bednar, David",507,8.7,0.059,0,0.1,0.059,0.052,0.125,0.123,1,17,86.2,26.8,2462,77.7,77.34,17,44,0,-0.4,6.14,108,149,117,148,306,324,303
44,669060,"Wilson, Bryse",625,7,0.19,0.238,0.2,0.429,0.261,0.298,0.237,4,21,85,16.4,2295,77.2,77.55,12,44,0,0.4,6.62,106,151,120,149,307,326,303
43,592826,"Velasquez, Vince",727,5.9,0.294,0.059,0.357,0.353,0.283,0.37,0.355,5,17,92.3,8.8,2376,81.5,81.77,11,43,0,0.3,6.5,110,148,107,148,300,325,303
43,592858,"Wick, Rowan",504,8.5,0.313,0.063,0.385,0.375,0.283,0.283,0.23,5,16,84.5,7.3,2558,76.9,76.61,15,43,0,-0.3,6.56,111,150,118,155,294,320,296
42,669276,"Lee, Dylan",181,23.2,0.167,0.167,0.167,0.333,0.213,0.351,0.301,3,18,85.8,14.8,2093,83,83.68,20,42,0,0.7,6.5,110,154,131,145,299,332,304
42,489334,"Stammen, Craig",465,9,0.35,0.45,0.364,0.8,0.487,0.309,0.229,7,20,84.3,17.1,2347,80.3,80.68,13,42,0,0.4,6.76,115,158,123,151,290,314,296
42,477132,"Kershaw, Clayton",640,6.6,0.24,0.04,0.375,0.28,0.228,0.238,0.239,6,25,86.9,2.5,2401,73.3,72.95,16,42,0,-0.3,6.23,104,154,119,146,297,309,288
42,670950,"Richards, Trevor",511,8.2,0.45,0.3,0.5,0.75,0.49,0.515,0.441,9,20,90,6.6,2122,84.4,84.52,17,42,0,0.1,6.32,103,152,121,146,301,322,295
41,663485,"Sands, Cole",338,12.1,0.316,0.263,0.385,0.579,0.382,0.188,0.165,6,19,85.9,12.6,2798,78.7,77.03,14,41,0,-1.7,5.2,110,154,121,149,296,329,289
41,641712,"Hudson, Dakota",1216,3.4,0.238,0.048,0.313,0.286,0.229,0.288,0.269,5,21,89.7,7.5,2384,81.3,81.19,10,41,0,-0.1,6.2,111,156,116,148,295,324,302
41,623451,"Stephens, Jackson",415,9.9,0.118,0.059,0.154,0.176,0.126,0.117,0.111,2,17,79,9.5,2961,76.5,75.31,12,41,0,-1.2,5.69,111,151,126,148,305,328,297
40,668676,"Plesac, Zach",1148,3.5,0.273,0.318,0.235,0.591,0.366,0.333,0.264,6,22,85.6,8.1,2155,79.5,79.17,8,40,0,-0.3,6.01,111,155,122,150,292,320,298
39,623485,"Goudeau, Ashton",375,10.4,0.381,0.381,0.4,0.762,0.444,0.406,0.316,8,21,88.8,12.8,2304,77.7,77.64,13,39,0,-0.1,6.21,105,147,124,142,303,330,299
39,656730,"Megill, Trevor",187,20.9,0.167,0,0.273,0.167,0.148,0.19,0.188,3,18,95.8,17,2698,82.4,82.09,14,39,0,-0.3,6.41,112,155,119,150,296,329,290
38,605347,"López, Jorge",531,7.2,0.111,0,0.133,0.111,0.093,0.179,0.19,2,18,80.8,-7.5,2436,84.5,84.28,9,38,0,-0.2,6.18,104,150,110,147,304,319,296
38,643338,"Green, Chad",241,15.8,0.111,0,0.111,0.111,0.081,0.138,0.072,1,9,86.3,32.2,2474,84.1,84.43,12,38,0,0.3,6.61,109,153,119,148,300,329,288
37,660271,"Ohtani, Shohei",1071,3.5,0.25,0.25,0.429,0.5,0.319,0.203,0.212,4,16,88.1,11.6,2568,80.3,80.59,17,37,0,0.3,6.73,123,155,126,164,292,321,296
36,672710,"Contreras, Roansy",647,5.6,0.267,0.067,0.308,0.333,0.261,0.268,0.261,4,15,82.7,4.1,2795,79.9,79.55,8,36,0,-0.3,6.23,108,151,119,148,313,325,302
36,663460,"Bubic, Kris",679,5.3,0.286,0,0.316,0.286,0.253,0.234,0.236,6,21,81.8,-5.5,2590,79.2,79.28,6,36,0,0.1,6.39,107,155,118,147,304,322,305
35,664948,"Misiewicz, Anthony",234,15,0.263,0.211,0.333,0.474,0.313,0.311,0.262,5,19,91.4,19.2,2821,79.2,78.39,8,35,0,-0.8,5.86,118,156,124,147,285,318,291
35,605218,"Edwards Jr., Carl",337,10.4,0.077,0.231,0,0.308,0.159,0.111,0.097,1,13,81.2,17.3,2087,80,78.21,11,35,0,-1.8,6.79,109,154,121,146,306,318,294
35,621381,"Strahm, Matt",341,10.3,0.056,0.056,0.077,0.111,0.07,0.166,0.16,1,18,82.2,23.1,2687,82.9,82.96,7,35,0,0.1,6.17,113,155,117,150,290,324,294
35,572955,"Johnson, Pierce",138,25.4,0.308,0,0.444,0.308,0.273,0.234,0.25,4,13,82.2,8.7,2879,84.7,83.58,10,35,0,-1.1,5.67,115,164,131,151,294,322,302
34,669923,"Kirby, George",805,4.2,0.182,0.045,0.182,0.227,0.171,0.352,0.296,4,22,86.7,1,2194,80,80.34,3,34,0,0.3,6.76,112,153,118,148,292,322,294
34,502171,"Cobb, Alex",671,5.1,0.545,0.545,0.5,1.091,0.698,0.502,0.354,6,11,91.6,2.3,2658,83.6,82.84,12,34,0,-0.8,5.81,106,152,109,147,300,324,296
34,605540,"Woodruff, Brandon",810,4.2,0.364,0.455,0.3,0.818,0.498,0.436,0.338,4,11,95.5,14.8,2570,83.9,84.19,7,34,0,0.3,6.47,110,154,120,145,294,314,293
34,518748,"Grimm, Justin",277,12.3,0.25,0.188,0.3,0.438,0.295,0.242,0.206,4,16,79.3,-2.3,2219,81.7,82.27,12,34,0,0.6,6.87,112,149,122,151,293,317,301
33,641726,"Jefferies, Daulton",611,5.4,0.313,0.375,0.364,0.688,0.421,0.304,0.252,5,16,87.1,19.3,2355,80.2,79.55,13,33,0,-0.7,5.8,112,152,124,149,298,315,295
32,676879,"Ashby, Aaron",968,3.3,0.083,0,0.111,0.083,0.074,0.083,0.073,1,12,84.6,-16.2,2583,80.2,78.94,14,32,0,-1.3,5.61,107,153,118,146,298,317,294
31,519151,"Pressly, Ryan",269,11.5,0.222,0.167,0.231,0.389,0.249,0.375,0.347,4,18,88.9,2.7,3236,80.3,79.21,10,31,0,-1.1,5.97,108,155,116,150,292,326,294
31,607755,"Vasquez, Andrew",118,26.3,0.25,0.188,0.273,0.438,0.295,0.313,0.256,4,16,86.6,9.5,2601,79.8,79.01,12,31,0,-0.8,6.15,108,148,118,147,291,317,296
31,592836,"Walker, Taijuan",938,3.3,0.25,0.083,0.25,0.333,0.253,0.258,0.274,3,12,84.1,6.8,2236,75.7,74.69,6,31,0,-1,5.76,110,161,113,148,298,329,309
31,605200,"Davies, Zach",1242,2.5,0.471,0,0.5,0.471,0.417,0.254,0.272,8,17,81.4,4.9,2572,74.9,74.15,5,31,0,-0.8,5.97,112,153,119,148,308,321,299
31,665001,"Kelley, Trevor",283,11,0.214,0.286,0.25,0.5,0.301,0.123,0.105,3,14,81.9,36.6,2546,78.4,78.69,13,31,0,0.3,6.55,110,152,118,146,297,319,297
31,543294,"Hendricks, Kyle",1093,2.8,0.467,0.267,0.462,0.733,0.517,0.327,0.307,7,15,88.3,1.4,3008,73.2,71.47,10,31,0,-1.7,5.52,112,152,116,157,292,315,294
31,668868,"Thompson, Zack",255,12.2,0.167,0,0.2,0.167,0.148,0.286,0.313,2,12,75.4,-11.6,2816,75.1,74.97,3,31,0,-0.1,6.52,117,154,121,153,288,320,301
31,669952,"White, Mitch",413,7.5,0.222,0.333,0.2,0.556,0.328,0.333,0.272,4,18,86.9,12.3,2305,80.2,79.49,12,31,0,-0.7,6.07,113,157,120,151,289,315,297
30,547943,"Ryu, Hyun Jin",395,7.6,0.231,0.154,0.273,0.385,0.262,0.264,0.203,3,13,88.7,10.6,2566,72.4,71.98,4,30,0,-0.4,6.41,107,158,121,149,302,315,294
30,680694,"Bradish, Kyle",832,3.6,0.429,0.071,0.462,0.5,0.407,0.401,0.346,6,14,96,11,2501,81.9,81.8,7,30,0,-0.1,6.43,104,153,110,148,300,324,297
30,657649,"Koenig, Jared",261,11.5,0.176,0.176,0.2,0.353,0.208,0.24,0.242,3,17,84.8,11.7,2217,77.4,77.5,4,30,0,0.1,6.43,115,145,112,145,302,322,294
30,681885,"Lee, Evan",165,18.2,0.158,0,0.214,0.158,0.14,0.243,0.229,3,19,88.2,16.4,2725,80.3,79.56,9,30,0,-0.7,5.85,116,154,119,147,302,326,297
29,642547,"Peralta, Freddy",701,4.1,0.3,0.2,0.6,0.5,0.337,0.265,0.258,3,10,93,7.6,2086,77.3,78.23,13,29,0,0.9,7.03,110,154,123,143,299,317,292
29,643493,"Pruitt, Austin",185,15.7,0.176,0.294,0.133,0.471,0.27,0.435,0.363,3,17,94.4,12.6,2828,80.9,79.79,5,29,0,-1.1,5.59,119,152,122,151,298,315,291
28,664062,"Gonsolin, Tony",1063,2.6,0.167,0.167,0.25,0.333,0.21,0.136,0.125,1,6,92.9,2,2551,81.2,80.91,9,28,0,-0.3,6.02,113,157,125,151,287,317,296
28,656657,"Logue, Zach",449,6.2,0.316,0.368,0.385,0.684,0.419,0.302,0.226,6,19,86.8,36.7,2453,76.8,75.36,8,28,0,-1.4,5.39,108,151,124,149,296,314,288
28,622503,"Crismatt, Nabil",487,5.7,0.188,0,0.25,0.188,0.166,0.162,0.164,3,16,85.2,9.6,2228,72.7,72.99,8,28,0,0.3,7.02,111,162,122,151,298,322,301
27,657248,"Otto, Glenn",711,3.8,0.267,0.133,0.333,0.4,0.287,0.247,0.245,4,15,86.5,16.4,2431,80.6,81.09,8,27,0,0.5,6.75,112,155,121,150,293,316,297
27,605151,"Bradley, Archie",254,10.6,0.308,0,0.364,0.308,0.273,0.255,0.253,4,13,86.8,12.2,1978,79.8,80.04,4,27,0,0.2,6.56,113,149,112,152,297,322,291
27,669674,"Long, Sam",406,6.7,0.143,0,0.143,0.143,0.127,0.295,0.3,2,14,92.4,17.6,2517,77,76.47,5,27,0,-0.5,5.95,109,151,116,146,300,322,291
27,661269,"Gutierrez, Vladimir",684,3.9,0.333,0.333,0.4,0.667,0.418,0.358,0.305,4,12,88,5.7,2520,78.6,78.36,3,27,0,-0.2,6.37,124,151,116,145,290,318,294
27,621074,"Rucker, Michael",342,7.9,0.333,0,0.412,0.333,0.295,0.285,0.289,7,21,83.8,-0.4,2509,81.1,80.54,5,27,0,-0.6,5.97,111,152,123,156,296,322,295
27,621076,"Kaprielian, James",803,3.4,0.25,0.333,0.182,0.583,0.351,0.475,0.328,3,12,91.2,28.9,2467,79.3,79.07,3,27,0,-0.2,6.06,118,149,120,151,290,313,294
26,523260,"Kelly, Joe",147,17.7,0.308,0,0.444,0.308,0.273,0.161,0.178,4,13,72.7,-12,2851,88.9,88.43,10,26,0,-0.5,5.8,109,153,119,148,303,329,298
26,669461,"Liberatore, Matthew",340,7.6,0.267,0.4,0.25,0.667,0.394,0.203,0.185,4,15,90.9,24.5,2684,73.9,73.45,10,26,0,-0.4,6.25,109,154,120,147,302,323,300
26,657376,"Schmidt, Clarke",381,6.8,0,0,0,0,0,0.241,0.219,0,11,87.8,13.8,2905,82.8,81.84,8,26,0,-1,5.9,115,150,122,150,288,321,285
26,554340,"Garcia, Yimi",437,5.9,0.5,0.5,0.5,1,0.638,0.412,0.359,8,16,91,22.9,2699,82.3,81.32,7,26,0,-1,5.73,110,162,123,148,292,318,296
25,663423,"Thornton, Trent",412,6.1,0.263,0.053,0.313,0.316,0.253,0.299,0.3,5,19,88.2,6.8,3038,79.5,78.83,6,25,0,-0.7,6.04,110,175,131,152,280,320,307
24,642528,"Loáisiga, Jonathan",279,8.6,0.125,0.375,0,0.5,0.259,0.305,0.255,1,8,86.7,25.5,2617,87,87.21,8,24,0,0.2,6.49,106,152,120,149,307,327,285
24,656529,"Hentges, Sam",346,6.9,0.083,0,0.111,0.083,0.074,0.162,0.18,1,12,82.5,-15.9,2502,81,81.45,7,24,0,0.4,6.65,108,152,123,147,296,315,288
24,592804,"Thornburg, Tyler",272,8.8,0.333,0.111,0.375,0.444,0.337,0.329,0.311,3,9,84.4,12.6,2618,76.3,75.95,5,24,0,-0.3,6.29,111,151,120,148,303,332,293
24,664299,"Javier, Cristian",982,2.4,0.455,0.364,0.4,0.818,0.499,0.301,0.296,5,11,83.1,25.2,2917,76.3,75.6,6,24,0,-0.7,6.02,116,157,124,151,291,325,293
24,666374,"Brash, Matt",391,6.1,0.286,0.071,0.4,0.357,0.28,0.316,0.313,4,14,90.6,-1.4,2925,83,82.85,8,24,0,-0.2,6.45,116,155,122,146,290,320,300
24,663978,"Paddack, Chris",367,6.5,0.438,0.125,0.5,0.563,0.432,0.306,0.283,7,16,82.1,-0.6,2108,76.1,75.95,6,24,0,-0.1,6.58,105,155,117,149,302,335,297
24,622608,"Senzatela, Antonio",893,2.7,0,0,0,0,0,0.223,0.196,0,14,89.9,25.8,2189,77.1,77.03,5,24,0,-0.1,5.85,113,153,119,150,303,335,303
24,641927,"Ober, Bailey",526,4.6,0.077,0.077,0.091,0.154,0.09,0.181,0.187,1,13,88.5,13.3,2240,76.6,77.5,6,24,0,0.9,7.1,104,154,115,149,295,331,299
24,453286,"Scherzer, Max",759,3.2,0.3,0,0.375,0.3,0.266,0.342,0.35,3,10,89.7,15,2739,76.1,75.69,5,24,0,-0.4,6.11,118,161,118,149,293,328,304
24,666157,"Lodolo, Nick",248,9.7,0.333,0.278,0.5,0.611,0.403,0.146,0.146,6,18,80.5,18.5,2711,82.6,82.73,9,24,0,0.1,6.33,114,150,119,146,290,307,284
23,605483,"Snell, Blake",564,4.1,0.182,0,0.286,0.182,0.161,0.252,0.22,2,11,83.5,17.9,2243,79.6,79.54,10,23,0,-0.1,6.53,112,155,119,149,296,323,306
23,621363,"Poche, Colin",342,6.7,0.154,0.231,0.1,0.385,0.227,0.245,0.21,2,13,80.3,41.2,2626,78,75.43,3,23,0,-2.6,7.11,111,160,118,150,305,328,294
23,506433,"Darvish, Yu",1251,1.8,0.2,0,0.182,0.2,0.161,0.172,0.195,2,10,75.3,6,2619,73.2,73.27,5,23,0,0.1,6.7,116,167,122,156,289,319,304
23,592789,"Syndergaard, Noah",895,2.6,0.25,0.125,0.4,0.375,0.269,0.268,0.276,2,8,85.8,24,2176,76.3,76.7,11,23,0,0.4,6.7,119,153,118,158,298,326,296
22,624133,"Suárez, Ranger",1266,1.7,0.3,0.6,0.333,0.9,0.493,0.339,0.244,3,10,88.2,14.3,2207,77.3,76.95,3,22,0,-0.4,6.14,107,148,115,144,304,326,286
22,677651,"Garcia, Luis",1086,2,0.1,0.2,0.125,0.3,0.16,0.112,0.105,1,10,76.4,30.6,2548,79,78.57,7,22,0,-0.4,6.06,116,162,121,152,290,323,296
22,676596,"Fleming, Josh",355,6.2,0.444,0.556,0.429,1,0.609,0.542,0.419,4,9,90,6.5,1878,79.8,79.69,5,22,0,-0.1,6.47,104,154,117,150,297,317,295
21,521230,"Hendriks, Liam",440,4.8,0.2,0,0.4,0.2,0.177,0.152,0.152,2,10,83.9,13,2087,85,86.04,10,21,0,1,6.85,111,147,108,147,298,324,300
21,623167,"Flexen, Chris",1146,1.8,0.636,0.727,0.556,1.364,0.777,0.667,0.474,7,11,93.3,24.5,2643,74.9,74.19,2,21,0,-0.7,6.01,107,150,119,144,296,324,296
21,663776,"Sandoval, Patrick",980,2.1,0.429,0.143,0.429,0.571,0.434,0.316,0.335,3,7,83.7,12.4,2830,79.9,79.44,9,21,0,-0.5,6.06,110,153,110,150,295,323,293
21,643410,"Leiter Jr., Mark",339,6.2,0.222,0,0.222,0.222,0.197,0.201,0.198,2,9,75.6,11.1,2246,73.3,73.3,7,21,0,0,6.58,104,148,118,153,294,316,298
21,657093,"Watkins, Spenser",512,4.1,0.375,0.375,0.333,0.75,0.48,0.493,0.383,3,8,93.7,24.9,2549,77.8,73.91,6,21,0,-3.9,6.32,111,154,108,150,305,319,294
21,663372,"Feltner, Ryan",511,4.1,0.143,0,0.2,0.143,0.111,0.241,0.294,1,7,87.7,5.8,2492,77.1,77.27,5,21,0,0.2,6.45,118,152,128,149,300,324,296
20,502043,"Gibson, Kyle",1244,1.6,0.375,0.875,0.333,1.25,0.675,0.549,0.336,3,8,99.4,25.2,2422,79.5,79.97,8,20,0,0.5,6.66,113,149,130,148,290,328,298
20,608328,"De Jong, Chase",420,4.8,0.25,0,0.273,0.25,0.222,0.347,0.323,3,12,81.7,10.9,2517,77.3,76.37,3,20,0,-0.9,5.76,112,162,124,151,306,325,295
20,656686,"Martin, Corbin",269,7.4,0.5,0,1,0.5,0.443,0.295,0.305,3,6,94.2,0.7,2483,83.9,83.61,10,20,0,-0.3,6.18,106,144,117,139,306,322,298
20,527048,"Pérez, Martín",1271,1.6,0.583,0.5,0.545,1.083,0.71,0.485,0.378,7,12,87,26.3,2530,78.6,78.13,4,20,0,-0.5,5.84,115,153,116,150,303,326,295
20,608379,"Wacha, Michael",1002,2,0.5,0.333,0.6,0.833,0.569,0.473,0.328,3,6,93.1,27.6,2137,75.3,75.26,4,20,0,0,6.44,121,168,113,155,292,328,296
20,605164,"Bundy, Dylan",859,2.3,0.214,0.214,0.182,0.429,0.274,0.162,0.123,3,14,72.7,13.8,2140,72.7,71.76,4,20,0,-0.9,5.74,107,157,110,147,298,328,293
20,656353,"Davidson, Tucker",280,7.1,0.182,0,0.222,0.182,0.161,0.19,0.195,2,11,93.3,-2.7,2491,79.7,79.33,6,20,0,-0.4,6.12,104,151,116,147,307,326,293
19,592866,"Williams, Trevor",655,2.9,0.25,0.5,0.143,0.75,0.416,0.556,0.336,2,8,83.6,19.4,2227,78.1,78.98,3,19,0,0.9,6.68,118,161,121,150,303,332,304
19,608337,"Giolito, Lucas",1091,1.7,0.333,0.667,0.167,1,0.558,0.532,0.364,3,9,93.6,14.9,2370,80,80.2,5,19,0,0.2,6.58,115,151,109,151,301,327,295
19,657746,"Ryan, Joe",855,2.2,0.5,0.2,0.556,0.7,0.518,0.313,0.292,5,10,84.1,12.7,2365,73.5,72.75,4,19,0,-0.7,5.92,116,163,110,153,300,331,294
19,548389,"Stripling, Ross",853,2.2,0.429,0.143,0.375,0.571,0.379,0.382,0.452,3,7,93.2,10.5,2394,76.1,75.07,2,19,0,-1,5.65,111,168,119,152,290,317,300
19,607074,"Rodón, Carlos",1335,1.4,0,0,0,0,0,0.118,0.126,0,6,69.8,-37.3,2475,80.5,80.28,4,19,0,-0.2,6.14,107,156,114,149,293,317,283
18,643377,"Jax, Griffin",546,3.3,0.273,0.182,0.3,0.455,0.307,0.316,0.305,3,11,90.1,13.5,2715,82.7,82.18,3,18,0,-0.5,5.87,103,158,126,150,303,332,291
18,621389,"Blach, Ty",495,3.6,0.455,0.455,0.5,0.909,0.579,0.413,0.308,5,11,86.5,9.7,2369,79.1,77.89,3,18,0,-1.2,5.2,109,150,120,144,303,332,301
17,572403,"VerHagen, Drew",383,4.4,0.125,0,0.143,0.125,0.111,0.337,0.365,1,8,87.8,-3,2203,78.5,77.52,3,17,0,-1,5.82,122,158,116,148,296,320,302
17,543101,"DeSclafani, Anthony",276,6.2,0,0,0,0,0,0.026,0.028,0,4,93.3,-17,2047,82.1,82.68,7,17,0,0.6,6.65,110,148,109,150,288,321,297
17,665795,"Cabrera, Edward",286,5.9,0.2,0.6,0,0.8,0.414,0.161,0.1,1,5,91.5,38.3,2463,83.3,83.42,5,17,0,0.1,6.48,114,152,128,152,289,325,299
17,680739,"Winder, Josh",473,3.6,0,0,0,0,0,0.098,0.085,0,8,86.6,33,2098,81,80.04,4,17,0,-1,5.67,114,165,123,154,300,335,297
17,656849,"Peterson, David",788,2.2,0.375,0,0.429,0.375,0.332,0.238,0.248,3,8,91.1,-11,2262,78.1,78.79,5,17,0,0.7,6.89,109,153,119,146,299,321,298
17,625643,"López, Reynaldo",521,3.3,0.125,0.125,0.167,0.25,0.158,0.458,0.29,1,8,88.9,3.3,2543,80.8,80.69,5,17,0,-0.1,6.26,117,156,119,151,297,324,297
16,663436,"Martin, Davis",353,4.5,0.286,0.429,0.2,0.714,0.422,0.521,0.374,2,7,87.8,31.3,2527,79.9,79.96,3,16,0,0.1,6.38,116,151,112,150,300,332,302
16,670912,"Oviedo, Johan",259,6.2,0.111,0,0.167,0.111,0.098,0.113,0.114,1,9,83.5,31.3,2398,77.1,78.03,5,16,0,0.9,6.96,110,155,119,151,300,327,294
16,607455,"Banda, Anthony",349,4.6,0.3,0.3,0.286,0.6,0.384,0.324,0.242,3,10,90.3,11.1,2023,81.4,80.98,5,16,0,-0.4,6.2,112,160,128,150,304,324,304
16,621249,"Underwood Jr., Duane",275,5.8,0.429,0,0.5,0.429,0.38,0.379,0.4,3,7,91,-5.3,2504,81.9,81.91,5,16,0,0,6.38,100,142,111,142,310,324,297
16,471911,"Carrasco, Carlos",1179,1.4,0.333,0.333,0.5,0.667,0.421,0.299,0.236,1,3,97.8,27.5,2668,81.9,82.06,7,16,0,0.2,6.29,112,157,117,149,298,330,305
16,502042,"Archer, Chris",897,1.8,0.167,0.167,0.167,0.333,0.21,0.408,0.295,1,6,89,25.5,2436,81.9,81.74,2,16,0,-0.2,6.04,113,161,115,151,301,336,290
15,676534,"Faucher, Calvin",185,8.1,0.222,0.333,0.143,0.556,0.328,0.432,0.364,2,9,96,-1.3,2870,85.2,83.91,2,15,0,-1.3,5.59,113,154,114,149,305,327,299
15,656793,"Nelson, Nick",581,2.6,0,0,0,0,0,0.086,0.069,0,7,82.3,33.2,2194,81.7,81.31,3,15,0,-0.4,6.27,112,148,118,145,298,325,288
15,596071,"Peters, Dillon",405,3.7,0.25,0,0.286,0.25,0.222,0.23,0.237,2,8,84.4,24.9,2900,76.1,75.78,2,15,0,-0.3,6.24,104,154,120,148,310,324,301
15,501985,"Minor, Mike",342,4.4,0,0,0,0,0,0.177,0.19,0,8,87,8.4,2454,79.7,78.59,4,15,0,-1.1,5.61,119,151,122,147,292,320,286
15,641907,"Murphy, Patrick",142,10.6,0.429,0,0.429,0.429,0.332,0.355,0.292,3,7,80.3,16.1,2191,83,83.07,5,15,0,0.1,6.63,111,151,116,143,288,310,289
14,666129,"Garrett, Braxton",324,4.3,0.667,0.667,1,1.333,0.842,0.183,0.162,2,3,97.9,10,2315,78.5,78.14,2,14,0,-0.4,6.24,104,151,117,149,301,315,283
14,592662,"Ray, Robbie",1411,1,0.667,0.5,0.6,1.167,0.788,0.389,0.319,4,6,83.5,-13.7,2151,80.1,80.34,2,14,0,0.2,6.28,106,150,125,148,289,328,286
14,656818,"Overton, Connor",341,4.1,0.429,0,0.429,0.429,0.38,0.392,0.402,3,7,91.1,19.3,2495,79.8,79.48,2,14,0,-0.3,5.97,125,162,116,146,293,318,293
14,667498,"Dugger, Robert",146,9.6,0.333,0,0.5,0.333,0.295,0.274,0.278,2,6,91.6,32.8,2205,72.1,71.44,4,14,0,-0.7,6.04,104,154,122,150,302,324,299
13,656786,"Mushinski, Parker",107,12.1,0,0,0,0,0,0.183,0.183,0,6,94.6,-5.3,2665,79.9,79.35,4,13,0,-0.5,6.41,113,153,120,148,289,323,288
13,669358,"Baz, Shane",202,6.4,0.2,0,0.25,0.2,0.177,0.224,0.244,1,5,96.2,-13.5,2786,82.8,82.79,6,13,0,0,6.47,111,154,109,150,306,328,302
13,543766,"Shaw, Bryan",343,3.8,0.143,0.143,0.2,0.286,0.18,0.355,0.304,1,7,93.2,11.8,2157,81.7,80.78,3,13,0,-0.9,5.74,107,158,123,150,301,323,297
13,676637,"Sanders, Phoenix",144,9,0.143,0,0.2,0.143,0.127,0.281,0.286,1,7,88.3,2,2299,75.2,73.77,2,13,0,-1.4,5.78,115,167,126,153,294,318,298
13,664854,"Helsley, Ryan",403,3.2,0,0,0,0,0,0.059,0.061,0,6,78.1,49,2516,79.3,79.81,4,13,0,0.5,6.65,119,161,120,151,299,320,299
13,663738,"Lynch, Daniel",1189,1.1,0.6,0.2,0.6,0.8,0.607,0.398,0.397,3,5,94.5,3.2,2065,80.7,81.44,2,13,0,0.7,6.65,107,156,119,147,304,322,301
13,519293,"Smith, Will",453,2.9,0.333,1,0,1.333,0.689,0.732,0.441,1,3,100.9,16.7,1966,77.1,76.3,4,13,0,-0.8,5.97,109,147,117,137,303,326,296
13,689225,"Brieske, Beau",958,1.4,0.571,1.286,0.25,1.857,1.013,0.695,0.467,4,7,94.6,22.6,2249,78,77.26,2,13,0,-0.7,5.6,110,159,115,148,298,329,297
13,541640,"Ramírez, Erasmo",498,2.6,0,0,0,0,0,0.022,0.023,0,6,78.9,30.5,2564,79.8,79.96,7,13,0,0.2,6.33,120,157,126,143,304,323,305
13,671790,"Bolaños, Ronald",332,3.9,0.4,0.4,0.5,0.8,0.505,0.385,0.287,2,5,86.1,21.3,2551,76.9,77.08,2,13,0,0.2,6.51,108,153,123,146,301,330,306
13,608371,"Sims, Lucas",129,10.1,0,0,0,0,0,0.186,0.174,0,6,82.1,8.8,2893,81.4,80.55,2,13,0,-0.9,5.51,118,158,123,150,297,326,287
12,592351,"Gray, Jon",1056,1.1,0.6,0.6,0.667,1.2,0.768,0.597,0.432,3,5,84.8,-8.8,2633,78.5,78.45,3,12,0,0,6.5,116,151,112,146,293,320,288
12,572703,"Bard, Luke",87,13.8,0,0,0,0,0,0.081,0.082,0,7,82.7,14.7,2656,77.3,76.83,6,12,0,-0.5,6.23,111,173,117,152,302,324,294
12,543521,"McHugh, Collin",458,2.6,0.222,0.444,0.5,0.667,0.37,0.207,0.159,2,9,86.5,7.7,2738,71.8,71.78,6,12,0,0,6.52,120,152,141,144,293,332,301
12,592761,"Smith, Caleb",627,1.9,0.143,0.429,0,0.571,0.295,0.194,0.121,1,7,84,35.8,2468,78.8,77.57,3,12,0,-1.2,5.53,116,154,124,148,301,322,297
12,622098,"Smith, Drew",494,2.4,0.167,0,0.167,0.167,0.148,0.193,0.206,1,6,87.7,18,2858,78.2,77.04,1,12,0,-1.2,5.78,117,156,118,150,293,326,309
11,663559,"Falter, Bailey",328,3.4,0.667,1,0.5,1.667,0.985,0.681,0.511,2,3,82.8,41.3,2032,75.6,76.97,2,11,0,1.4,7.25,102,151,116,147,300,316,278
11,658431,"Medina, Adonis",241,4.6,1,0.5,1,1.5,1.075,0.503,0.493,2,2,99.9,17,2479,80.5,79.59,2,11,0,-0.9,5.85,103,151,116,145,300,326,300
11,666159,"Manning, Matt",106,10.4,0.167,0,0.167,0.167,0.148,0.313,0.338,1,6,86.1,-0.3,2262,78.7,79.19,2,11,0,0.5,6.92,110,153,116,148,294,322,302
11,676710,"Crawford, Kutter",398,2.8,0,0,0,0,0,0.183,0.201,0,4,86.9,7.5,2219,79.5,78.67,1,11,0,-0.8,6.05,124,163,125,153,298,329,294
11,657571,"Ferguson, Caleb",94,11.7,0,0,0,0,0,0.16,0.175,0,6,89.1,-13.6,3083,79.7,79.25,2,11,0,-0.5,6.26,98,150,120,147,291,314,298
11,649144,"Wells, Alexander",66,16.7,0.25,0.75,0,1,0.517,0.259,0.171,1,4,90,17.5,2498,72.4,70.49,2,11,0,-1.9,5.29,106,152,110,143,306,316,283
11,425877,"Molina, Yadier",40,27.5,0.625,0.625,0.571,1.25,0.796,0.503,0.457,5,8,93,17.1,1448,52.9,50.75,0,11,0,-2.2,4.44,117,152,134,152,309,342,313
11,669618,"Barlow, Joe",378,2.9,0,0,0,0,0,0.268,0.248,0,5,93.8,-5.6,2446,81.6,81.43,2,11,0,-0.2,6.02,121,158,120,151,294,318,296
11,656457,"Gilbert, Tyler",275,4,0.5,0.125,0.667,0.625,0.49,0.349,0.339,4,8,87.5,6,2463,76.8,76.27,2,11,0,-0.5,5.81,113,157,131,149,307,321,298
11,663158,"Suarez, Robert",399,2.8,0.2,0.2,0.2,0.4,0.253,0.365,0.362,1,5,94.8,9.8,2104,80.3,80.71,1,11,0,0.4,6.69,121,162,130,152,306,331,308
10,657006,"Steele, Justin",1122,0.9,0,0,0,0,0,0.18,0.165,0,5,82,-5,2562,78.7,78.49,3,10,0,-0.2,6.29,104,151,116,146,304,321,291
10,663989,"Vespi, Nick",137,7.3,0,0,0,0,0,0.48,0.498,0,5,93.1,3.6,2386,80.1,79.41,3,10,0,-0.7,5.86,107,157,118,149,310,323,291
10,606273,"Elías, Roenis",114,8.8,0.286,0.143,0.286,0.429,0.307,0.298,0.285,2,7,87,11.1,2373,77.5,75.93,3,10,0,-1.6,5.36,105,151,127,146,297,320,280
10,660730,"Rodriguez, Elvin",346,2.9,0.333,1,0,1.333,0.689,0.26,0.147,2,6,92.7,39.4,2429,80,80.15,2,10,0,0.2,6.46,111,153,139,145,311,331,287
10,641582,"Foster, Matt",498,2,0,0,0,0,0,0.273,0.289,0,6,93,27,1981,80,79.83,2,10,0,-0.2,6.09,103,147,108,146,296,322,300
10,663465,"Allard, Kolby",204,4.9,0.25,0.125,0.286,0.375,0.269,0.302,0.318,2,8,95,7.4,1864,74.4,73.69,1,10,0,-0.7,5.9,121,162,115,151,298,323,297
10,544365,"Bañuelos, Manny",136,7.4,0,0,0,0,0,0.138,0.149,0,6,70.7,7.3,2476,81.8,82.09,5,10,0,0.3,6.4,116,148,123,149,293,320,284
10,657508,"Baumann, Mike",216,4.6,0.5,0.333,0.5,0.833,0.569,0.49,0.518,3,6,88.3,-15.3,2204,82.7,82.19,0,10,0,-0.5,6.06,102,137,109,138,298,312,288
10,595191,"Eickhoff, Jerad",83,12,0,0,0,0,0,0.027,0.03,0,5,69.7,1,2449,72.9,72.48,6,10,0,-0.4,6.1,105,154,115,137,299,323,303
10,663546,"Hjelle, Sean",78,12.8,0,0,0,0,0,0.078,0.084,0,6,91.5,26.5,1704,84.1,84.08,5,10,0,0,6.52,105,155,125,148,304,323,272
9,621219,"Mills, Alec",244,3.7,0.667,0.333,0.667,1,0.716,0.771,0.553,2,3,94.5,32.3,2290,65.7,65,1,9,0,-0.7,5.96,105,150,137,158,302,322,297
9,476595,"Luetge, Lucas",340,2.6,0,0,,0,0,0,,0,5,,,2453,73.8,73.28,5,9,0,-0.5,6.24,106,154,124,145,312,330,286
9,572383,"Moran, Brian",25,36,0.5,1.5,0,2,1.034,0.392,0.219,1,2,80.8,15,2069,69.7,70.41,4,9,0,0.7,7.18,127,173,125,145,314,333,296
9,663554,"Mize, Casey",169,5.3,0.2,0,0.2,0.2,0.177,0.089,0.099,1,5,83.7,-4.4,1900,81.9,82.71,2,9,0,0.8,6.88,104,146,112,138,299,325,298
9,678061,"Kerr, Ray",49,18.4,0,0,0,0,0,0.387,0.237,0,4,77.9,14,1797,81.4,80.81,1,9,0,-0.6,5.99,123,166,126,152,292,318,297
8,642152,"Trivino, Lou",370,2.2,0.667,0,0.667,0.667,0.591,0.533,0.562,2,3,91.2,28,2199,77.1,76.86,1,8,0,-0.2,6.35,109,153,120,147,301,320,285
8,668873,"Kilian, Caleb",235,3.4,0,0,0,0,0,0.114,0.065,0,2,99,39,2438,77.8,78.18,1,8,0,0.4,6.85,103,147,110,150,294,316,298
8,665152,"Kremer, Dean",322,2.5,1,0.5,1,1.5,1.075,0.333,0.366,2,2,76.6,29,2681,76.4,76.21,1,8,0,-0.2,6.33,109,156,109,151,305,327,300
8,543548,"Milone, Tommy",83,9.6,0.167,0,0.2,0.167,0.148,0.302,0.274,1,6,96.6,13.4,2424,75.1,74.76,1,8,0,-0.3,5.89,110,151,130,147,282,317,288
8,456034,"Price, David",251,3.2,0,0,0,0,0,0.097,0.072,0,5,80.5,5,2182,76.9,76.46,1,8,0,-0.4,5.96,112,151,141,150,289,314,295
8,641627,"Gott, Trevor",325,2.5,0.333,0,0.4,0.333,0.295,0.239,0.245,2,6,84.2,-11,2114,82.5,81.78,2,8,0,-0.7,6.06,110,155,123,149,294,320,299
8,544931,"Strasburg, Stephen",83,9.6,0.4,0.2,0.5,0.6,0.43,0.319,0.295,2,5,80.7,31,2612,77.3,77.78,2,8,0,0.5,6.98,103,151,119,144,304,317,288
8,670955,"Uceta, Edwin",139,5.8,0.167,0.167,0.25,0.333,0.21,0.265,0.265,1,6,89.9,-4.3,2577,81.4,81.4,3,8,0,0,6.03,108,149,130,146,295,321,290
7,681799,"Roberts, Ethan",177,4,1,2,1,3,1.666,1.465,0.853,2,2,106.8,23.5,2940,80.7,80.44,1,7,0,-0.3,6.23,104,149,119,159,302,319,298
7,595881,"Beede, Tyler",422,1.7,0,0,0,0,0,0.233,0.197,0,4,90.9,3.3,2015,79.4,79.19,3,7,0,-0.2,6.26,110,142,123,148,303,318,303
7,665645,"Castro, Kervin",47,14.9,0.5,0.25,1,0.75,0.537,0.189,0.173,2,4,95,12.5,2110,78.8,78.96,3,7,0,0.2,6.61,101,130,104,129,299,317,293
7,543056,"Coulombe, Danny",230,3,0,0,0,0,0,0.059,0.065,0,4,81,-28.3,2650,79.1,77.47,2,7,0,-1.6,5.63,111,150,111,142,308,333,289
7,650959,"Diplán, Marcos",122,5.7,0,0,0,0,0,0.024,0.027,0,2,77.3,-24,2659,81.8,82.47,2,7,0,0.7,6.73,111,177,127,152,284,322,301
7,640455,"Manaea, Sean",1206,0.6,0.333,0,0.5,0.333,0.295,0.483,0.535,1,3,85.9,15,1986,76.8,77.19,3,7,0,0.4,7.1,115,170,133,150,298,322,304
7,668948,"McCarty, Kirk",116,6,0.25,0,0.5,0.25,0.222,0.098,0.108,1,4,74.7,0.5,2680,76.2,75.24,3,7,0,-1,5.89,118,167,128,149,308,324,291
7,607644,"Means, John",135,5.2,0,0,0,0,0,0.163,0.162,0,2,95.1,12.5,2265,77.8,76.86,3,7,0,-0.9,5.89,114,156,121,146,303,319,297
7,656731,"Megill, Tylor",695,1,0.2,0,0.25,0.2,0.177,0.17,0.172,1,5,81.3,-4,2330,80.4,81.33,1,7,0,0.9,7.13,115,166,118,153,302,336,320
7,657240,"Merryweather, Julian",286,2.4,0,0,0,0,0,0.142,0.156,0,2,72.4,8,2369,80.8,80.76,2,7,0,0,6.54,106,148,122,144,293,312,283
7,656794,"Newcomb, Sean",202,3.5,0.5,0,0.667,0.5,0.443,0.151,0.161,2,4,82.8,-5.7,2909,79.6,78.36,1,7,0,-1.2,5.64,112,152,129,148,302,317,282
7,622250,"Sborz, Josh",187,3.7,0.4,0.2,0.667,0.6,0.43,0.311,0.329,2,5,90.9,15.3,2241,85.2,84.4,3,7,0,-0.8,6.04,118,155,119,150,290,325,299
7,676194,"Tetreault, Jackson",182,3.8,0.6,0,0.6,0.6,0.532,0.44,0.403,3,5,82.8,3,2137,81.8,83.21,2,7,0,1.4,7.01,120,167,118,150,301,323,308
6,455119,"Martin, Chris",338,1.8,0,0,0,0,0,0.08,0.089,0,1,75.9,-5,2295,83.4,83.67,1,6,0,0.3,6.47,109,148,111,154,298,319,294
6,676641,"Sulser, Beau",206,2.9,0.25,0.25,0.25,0.5,0.316,0.398,0.298,1,4,81.9,15.5,2523,79.3,79.17,1,6,0,-0.1,6.27,99,145,116,142,320,324,295
6,650556,"Abreu, Bryan",473,1.3,1,0,1,1,0.886,0.453,0.457,1,1,96.3,17,2765,83.9,83.72,4,6,0,-0.2,6.4,115,163,130,152,295,323,300
6,448281,"Doolittle, Sean",55,10.9,0,0,0,0,0,0.16,0.123,0,2,95.1,23,2396,77.6,77.52,4,6,0,-0.1,6.18,111,149,109,146,293,320,290
6,667725,"Tyler, Kyle",40,15,0.25,0,0.5,0.25,0.222,0.27,0.235,1,4,94.5,10,2328,76.6,77.62,2,6,0,1,6.87,128,172,132,155,281,307,306
6,641853,"McKay, David",42,14.3,0.5,0,0.5,0.5,0.443,0.48,0.506,1,2,77.2,28,2755,76.9,76.83,2,6,0,-0.1,6.5,112,157,129,148,303,329,277
6,656876,"Rasmussen, Drew",947,0.6,0.5,0,0.5,0.5,0.443,0.403,0.416,2,4,92.8,18.3,2740,80.2,79.57,0,6,0,-0.6,6.32,122,166,117,154,294,324,300
6,664042,"Lakins Sr., Travis",208,2.9,0.333,0,0.333,0.333,0.295,0.185,0.198,1,3,88.4,12.3,2838,80.5,79.55,1,6,0,-0.9,5.85,104,149,117,146,301,322,296
6,453178,"Kennedy, Ian",432,1.4,0.5,0.25,0.5,0.75,0.537,0.354,0.37,2,4,88.4,8.3,2501,80.2,80.42,0,6,0,0.2,6.43,113,150,133,144,297,323,291
6,615698,"Quantrill, Cal",1111,0.5,0,0,0,0,0,1.366,0.814,0,1,102,24,2415,81.1,81.35,0,6,0,0.3,6.3,123,162,107,153,292,318,297
6,605182,"Clevinger, Mike",441,1.4,1,0,1,1,0.886,0.412,0.445,3,3,100.4,-2,2148,76.4,76.68,0,6,0,0.3,6.83,117,164,113,153,282,311,291
6,458681,"Lynn, Lance",187,3.2,0,0,0,0,0,0.1,0.106,0,4,66.2,13,2482,83.5,83.38,2,6,0,-0.1,6.23,108,157,118,151,302,333,301
6,656492,"Griffin, Foster",71,8.5,0,0,0,0,0,0.276,0.301,0,2,81.2,-32.7,2193,80.7,80.27,1,6,0,-0.4,6,101,143,108,136,305,320,294
5,656232,"Bielak, Brandon",117,4.3,0.5,0,0.5,0.5,0.443,0.208,0.216,2,4,89.1,3,2340,80.2,78.42,0,5,0,-1.8,5.34,111,148,130,143,293,321,287
5,608718,"Suter, Brent",439,1.1,0,0,0,0,0,0.105,0.107,0,2,68.1,47,2254,77.7,78.58,1,5,0,0.9,7,126,174,125,154,291,314,296
5,640444,"Crowe, Wil",745,0.7,1,0,1,1,0.886,0.638,0.69,2,2,99.5,6.5,2456,81.1,80.9,1,5,0,-0.2,6.46,107,165,124,152,298,326,311
5,673904,"Walsh, Jake",65,7.7,0,0,0,0,0,0.299,0.169,0,5,98,30.5,2460,81.8,80.78,3,5,0,-1,5.94,115,152,124,148,308,318,290
5,608665,"Graveman, Kendall",461,1.1,1,0,0.5,1,0.443,0.217,0.444,1,1,90.7,16.5,2425,82.9,83.08,1,5,0,0.2,6.4,114,142,99,145,289,324,302
5,405395,"Pujols, Albert",27,18.5,0.5,0.75,0.333,1.25,0.739,0.509,0.39,2,4,95.3,17.3,1524,53.6,52.1,0,5,0,-1.5,4.86,120,157,115,149,319,335,304
5,605242,"Fulmer, Michael",386,1.3,0.333,0,1,0.333,0.295,0.018,0.019,1,3,75.7,40,2366,78,77.44,2,5,0,-0.6,6.38,113,155,120,149,308,329,295
5,488984,"Hunter, Tommy",38,13.2,0,0,0,0,0,0.306,0.333,0,3,81.8,8,2794,84.1,84.32,2,5,0,0.2,6.34,119,156,130,150,298,333,299
4,621237,"Alvarado, José",327,1.2,0,0,,0,0,0,,0,1,,,2451,85.2,85.63,3,4,0,0.4,6.5,111,151,115,152,293,325,289
4,663947,"Holton, Tyler",52,7.7,,,,,,,,,,,,2539,75.6,75.15,1,4,0,-0.4,6.53,116,152,122,148,302,320,301
4,641154,"López, Pablo",1289,0.3,0,0,0,0,0,0.002,0.002,0,3,90.9,50,2465,80.5,81.13,2,4,0,0.6,6.9,103,153,124,150,290,308,298
4,676617,"O'Brien, Riley",23,17.4,0,0,,0,0,0,,0,1,,,2352,78.8,78.95,1,4,0,0.2,6.65,121,148,140,149,299,317,289
4,656234,"Bird, Jake",45,8.9,0,0,0,0,0,0.05,0.055,0,3,46.5,-45,2810,81.8,81.6,2,4,0,-0.2,5.98,117,154,124,149,310,334,302
4,646242,"Diaz, Jhonathan",236,1.7,0,0,0,0,0,0.215,0.229,0,4,92.2,1.8,2729,75.2,75.53,0,4,0,0.3,6.53,102,148,111,142,291,318,285
4,608716,"Steckenrider, Drew",286,1.4,0,0,0,0,0,0.317,0.244,0,3,92.6,10,2093,81.4,80.88,0,4,0,-0.5,6,101,154,127,146,310,325,288
4,572362,"Erlin, Robbie",40,10,0,0,0,0,0,0.153,0.17,0,1,77.9,-3,2334,75.7,75.05,0,4,0,-0.6,6.1,118,154,116,153,297,316,291
4,660593,"Reyes, Denyi",117,3.4,0,0,0,0,0,0.363,0.235,0,2,93.7,28,2224,75.2,76.03,2,4,0,0.8,6.95,111,167,119,150,280,317,300
4,670970,"Morejon, Adrian",72,5.6,0,0,0,0,0,0.138,0.114,0,3,88.5,13.3,2538,80,79.53,0,4,0,-0.5,6.03,121,166,128,152,295,317,289
4,542881,"Anderson, Tyler",1059,0.4,,,,,,,,,,,,2194,73.7,73.43,2,4,0,-0.3,6.05,110,157,123,151,294,313,293
3,547001,"Poteet, Cody",400,0.8,0,0,0,0,0,0.071,0.063,0,1,78.4,34,2803,77.9,76.6,1,3,0,-1.3,5.63,99,144,121,147,287,318,289
3,666214,"Wentz, Joey",128,2.3,0.333,0,0.333,0.333,0.295,0.33,0.349,1,3,80.1,-27.7,2358,75.3,75.4,0,3,0,0.1,6.43,113,151,119,151,306,328,287
3,670036,"Festa, Matthew",372,0.8,1,3,,4,2.068,1.463,0.746,1,1,102.7,32,2660,83.9,83.4,1,3,0,-0.5,6.47,110,151,133,147,296,327,296
3,664337,"Yajure, Miguel",199,1.5,0.5,0,0.5,0.5,0.443,0.38,0.406,1,2,84.4,25,2500,79.9,79,1,3,0,-0.9,6,96,152,136,148,301,326,313
3,572070,"Richards, Garrett",380,0.8,0,0,,0,0,0,,0,1,,,2906,76.5,75.1,1,3,0,-1.4,5.93,121,155,134,150,307,326,305
3,543606,"Odorizzi, Jake",496,0.6,0,0,0,0,0,0.121,0.133,0,1,64.7,-44,2239,72.3,71.9,1,3,0,-0.4,6.07,111,151,109,152,290,323,296
3,644429,"Severino, Anderson",133,2.3,1,1,1,2,1.263,0.46,0.394,1,1,99.5,18,2527,79,78.27,0,3,0,-0.7,5.93,113,153,114,145,294,318,297
3,681217,"Silseth, Chase",276,1.1,0.5,1.5,0,2,1.034,0.158,0.09,1,2,86.4,7.5,2716,79.6,78.87,0,3,0,-0.7,6.07,112,145,115,151,293,321,292
3,675921,"Howard, Spencer",139,2.2,0,0,,0,0,0,,0,1,,,1955,76.6,76.6,3,3,0,0,6.6,110,149,116,152,306,324,303
3,571976,"Myers, Wil",22,13.6,0.5,1.5,0,2,1.034,0.591,0.368,1,2,98.9,30,1963,56.3,54.03,0,3,0,-2.3,4.43,121,167,135,153,302,317,298
3,622786,"Tinoco, Jesus",95,3.2,0,0,,0,0,0,,0,1,,,2417,85.4,84.87,1,3,0,-0.5,6.13,125,163,142,152,287,315,295
3,675627,"Grove, Michael",92,3.3,,,,,,,,,,,,2555,77.9,78.2,2,3,0,0.3,6.4,93,148,98,150,293,320,297
3,670329,"Garcia, Rico",41,7.3,0.5,1.5,0,2,1.034,1.003,0.503,1,2,94.5,54.5,2347,84,83.3,0,3,0,-0.7,5.8,118,163,119,153,289,320,298
3,670102,"Francis, Bowden",9,33.3,1,1,1,2,1.263,0.361,0.383,1,1,77.8,9,2627,74.9,74.8,0,3,0,-0.1,6.87,92,149,109,141,288,323,298
3,656427,"Flaherty, Jack",131,2.3,0,0,0,0,0,0.333,0.359,0,1,94.8,1,2299,75.1,75.67,1,3,0,0.6,6.63,108,148,112,151,292,332,297
2,663455,"Pilkington, Konnor",488,0.4,,,,,,,,,,,,2009,76.9,76.25,2,2,0,-0.6,6.2,107,154,103,148,302,315,286
2,518813,"Holland, Greg",80,2.5,1,3,,4,2.068,1.931,0.991,1,1,108,24,2363,79.3,78.4,0,2,0,-0.9,5.7,108,152,103,152,306,322,300
2,592390,"Hembree, Heath",301,0.7,0,0,,0,0,0,,0,1,,,2620,80.2,80.6,1,2,0,0.4,6.55,107,153,113,146,314,327,297
2,596133,"Weaver, Luke",195,1,0,0,0,0,0,0.099,0.107,0,1,76.6,-15,2248,80,78.8,0,2,0,-1.2,5.6,102,154,122,148,285,313,294
2,605194,"Cotton, Jharel",278,0.7,0.5,0.5,0.5,1,0.631,0.234,0.255,1,2,77.9,-4,2619,77.4,76.2,0,2,0,-1.2,5.55,96,149,132,150,298,333,288
2,595939,"Ellis, Chris",83,2.4,1,0,1,1,0.886,0.838,0.92,1,1,89.5,15,2347,82,81.85,0,2,0,-0.1,6.05,99,162,121,152,295,315,296
2,666205,"Muller, Kyle",74,2.7,0.5,0,1,0.5,0.443,0.357,0.386,1,2,92.1,16,2504,80.6,79.75,1,2,0,-0.8,6.1,99,145,111,142,311,334,283
2,642121,"Sulser, Cole",405,0.5,0,0,0,0,0,0.069,0.077,0,1,70.4,-9,2505,77.3,77.4,0,2,0,0.1,6.6,110,152,118,154,302,320,297
2,668820,"Kranick, Max",76,2.6,0,0,,0,0,0,,0,2,,,2454,78.7,78.95,2,2,0,0.3,6.6,111,145,115,148,297,323,300
2,596057,"Norris, Daniel",520,0.4,,,,,,,,,,,,2347,75.5,74.2,0,2,0,-1.3,5.7,109,143,113,149,278,300,290
2,673316,"Barker, Luke",54,3.7,0.5,0,0.5,0.5,0.443,0.392,0.431,1,2,92.7,-1,2608,81.4,81.45,0,2,0,0.1,6.45,109,132,106,128,289,321,296
2,571901,"Loup, Aaron",431,0.5,0,0,0,0,0,1.66,0.946,0,1,104.6,23,1792,75.8,74.5,0,2,0,-1.3,5.65,102,149,105,149,292,318,291
2,592743,"Simmons, Andrelton",25,8,1,0,1,1,0.886,0.705,0.736,2,2,81.9,23.5,1282,44,42.05,0,2,0,-1.9,4.6,116,148,117,143,303,318,288
2,656008,"Zabala, Aneurys",9,22.2,0,0,,0,0,0,,0,1,,,2525,85.2,85.35,2,2,0,0.2,6.4,124,151,100,156,266,312,290
2,605525,"Wendelken, J.B.",424,0.5,,,,,,,,,,,,2637,79.6,78.65,0,2,0,-0.9,6,116,150,123,142,298,318,292
1,669211,"Akin, Keegan",611,0.2,,,,,,,,,,,,2456,74.9,73.5,0,1,0,-1.4,6,109,155,117,149,298,317,297
1,548384,"Raley, Brooks",343,0.3,0,0,0,0,0,0.32,0.177,0,1,94.1,33,2991,80,78.6,0,1,0,-1.4,5.6,115,152,122,150,323,333,292
1,660906,"Perez, Francisco",196,0.5,,,,,,,,,,,,2761,75.9,74.1,0,1,0,-1.8,5.3,126,150,120,150,296,313,314
1,668665,"Nogosek, Stephen",204,0.5,0,0,0,0,0,0.537,0.597,0,1,62,34,2359,78.4,78.3,0,1,0,-0.1,6.3,127,168,133,153,286,318,309
1,669212,"Morgan, Eli",486,0.2,,,,,,,,,,,,2313,81.5,80,0,1,0,-1.5,6,109,153,125,151,301,311,286
1,668338,"Miller, Tyson",74,1.4,1,1,1,2,1.263,0.884,0.914,1,1,96.2,13,2545,82.2,82.9,0,1,0,0.7,7,123,147,113,149,300,334,299
1,489119,"Miley, Wade",271,0.4,0,0,0,0,0,0.773,0.403,0,1,104.3,40,2330,78.8,78.9,0,1,0,0.1,6.3,95,152,100,151,298,325,293
1,596043,"Mengden, Daniel",30,3.3,,,,,,,,,,,,2490,71.8,71,0,1,0,-0.8,6.2,105,154,105,148,299,319,285
1,669214,"Menez, Conner",24,4.2,,,,,,,,,,,,2136,73.4,73,0,1,0,-0.4,6.4,116,171,137,151,294,304,299
1,608686,"Mayfield, Jack",13,7.7,0,0,0,0,0,0.029,0.02,0,1,86.7,58,1319,58.9,56.9,0,1,0,-2,4.7,122,149,141,152,285,321,291
1,596112,"Stephenson, Robert",357,0.3,,,,,,,,,,,,2911,77.3,77.3,0,1,0,0,6.1,121,152,126,154,291,331,319
1,596271,"Lawrence, Casey",112,0.9,1,1,1,2,1.263,0.868,0.894,1,1,97,13,2433,75.8,75.6,0,1,0,-0.2,6.1,124,147,121,151,266,310,284
1,669424,"Lambert, Jimmy",266,0.4,,,,,,,,,,,,2584,74.5,73.4,1,1,0,-1.1,5.8,121,176,94,155,304,338,306
1,663804,"Kowar, Jackson",71,1.4,1,0,1,1,0.886,0.289,0.314,1,1,71,11,2368,80.5,79.5,0,1,0,-1,6,122,153,116,146,273,295,281
1,643400,"Knight, Dusten",102,1,0,0,,0,0,0,,0,1,,,2235,77.5,77,1,1,0,-0.5,6.3,124,284,145,180,293,316,327
1,663378,"Szapucki, Thomas",49,2,0,0,,0,0,0,,0,1,,,2636,80.5,79.7,1,1,0,-0.8,5.9,126,155,127,150,305,328,296
1,670046,"Rosenberg, Kenny",193,0.5,,,,,,,,,,,,2185,74.2,73.6,1,1,0,-0.6,5.8,116,153,123,149,300,325,289
1,543281,"Harrison, Josh",20,5,,,,,,,,,,,,1687,55.1,52.3,1,1,0,-2.8,3.6,120,148,116,142,305,323,309
1,668684,"Tully, Tanner",38,2.6,,,,,,,,,,,,2421,75,74.5,1,1,0,-0.5,6,115,154,126,150,312,319,282
1,545341,"Grichuk, Randal",10,10,0,0,0,0,0,0.562,0.583,0,1,105.6,3,1709,58,57.3,0,1,0,-0.7,5.4,112,154,132,142,319,347,318
1,656354,"Davis, Austin",496,0.2,,,,,,,,,,,,2437,79.9,79.8,0,1,0,-0.1,6.7,105,157,123,150,300,336,316
1,605156,"Brooks, Aaron",154,0.6,,,,,,,,,,,,2215,80.2,80.2,0,1,0,0,5.9,135,180,120,145,289,324,309
1,669854,"Blanco, Ronel",120,0.8,,,,,,,,,,,,2344,80.7,80.9,1,1,0,0.2,6.6,124,148,128,153,292,297,296
1,658648,"Avila, Pedro",70,1.4,0,0,0,0,0,0.342,0.35,0,1,81.7,5,2533,75.6,74.8,0,1,0,-0.8,6.4,113,163,126,147,301,322,303
1,663765,"Woodford, Jake",293,0.3,0,0,0,0,0,1.122,0.577,0,1,100.8,33,2552,76.2,75.7,0,1,0,-0.5,6.5,115,156,122,151,314,337,315
1,663531,"Allen, Logan",164,0.6,,,,,,,,,,,,2556,75.6,74.7,0,1,0,-0.9,5.9,87,152,114,138,315,323,300
1,645261,"Alcantara, Sandy",1426,0.1,0,0,0,0,0,0.005,0.006,0,1,88.5,44,2329,86.9,86.7,0,1,0,-0.2,6.1,117,151,135,156,305,329,310
